{"cameraMode":{"drawMode":0,"name":"Shaded","section":"Shading Mode"},"sceneLighting":true,"audioPlay":false,"sceneViewState":{"showFog":true,"showMaterialUpdate":false,"showSkybox":true,"showFlares":true,"showImageEffects":true,"showParticleSystems":true},"in2DMode":false,"pivot":{"x":74.27293395996094,"y":3.604559898376465,"z":3.2706263065338136},"rotation":{"x":-0.10407298803329468,"y":-0.5290185809135437,"z":0.06557256728410721,"w":-0.8396478295326233},"size":4.215974807739258,"orthographic":false}