{"cameraMode":{"drawMode":0,"name":"Shaded","section":"Shading Mode"},"sceneLighting":false,"audioPlay":false,"sceneViewState":{"showFog":true,"showMaterialUpdate":true,"showSkybox":true,"showFlares":true,"showImageEffects":true,"showParticleSystems":true},"in2DMode":false,"pivot":{"x":-10.959550857543946,"y":6.968307971954346,"z":0.31052154302597048},"rotation":{"x":-0.10661817342042923,"y":-0.7113945484161377,"z":0.1105956882238388,"w":-0.6857980489730835},"size":8.447815895080567,"orthographic":false}