{"cameraMode":{"drawMode":0,"name":"Shaded","section":"Shading Mode"},"sceneLighting":true,"audioPlay":false,"sceneViewState":{"showFog":true,"showMaterialUpdate":true,"showSkybox":true,"showFlares":true,"showImageEffects":true,"showParticleSystems":true},"in2DMode":false,"pivot":{"x":355.08154296875,"y":14.216158866882325,"z":352.0839538574219},"rotation":{"x":-0.038544826209545138,"y":0.4747104048728943,"z":-0.020836422219872476,"w":-0.8790507316589356},"size":3.0612192153930666,"orthographic":false}