{"cameraMode":{"drawMode":0,"name":"Shaded","section":"Shading Mode"},"sceneLighting":false,"audioPlay":false,"sceneViewState":{"showFog":true,"showMaterialUpdate":true,"showSkybox":true,"showFlares":true,"showImageEffects":true,"showParticleSystems":true},"in2DMode":false,"pivot":{"x":13.577051162719727,"y":10.624650955200196,"z":3.6906375885009767},"rotation":{"x":-0.06739255785942078,"y":0.7936856150627136,"z":-0.08945678919553757,"w":-0.5979288220405579},"size":1.0,"orthographic":false}