{"cameraMode":{"drawMode":0,"name":"Shaded","section":"Shading Mode"},"sceneLighting":false,"audioPlay":false,"sceneViewState":{"showFog":false,"showMaterialUpdate":false,"showSkybox":false,"showFlares":false,"showImageEffects":false,"showParticleSystems":false},"in2DMode":false,"pivot":{"x":1.0607752799987794,"y":10.65048885345459,"z":-15.272499084472657},"rotation":{"x":0.11705321073532105,"y":0.010436863638460637,"z":-0.0012273993343114853,"w":0.9930700659751892},"size":0.6726697683334351,"orthographic":false}