{"cameraMode":{"drawMode":0,"name":"Shaded","section":"Shading Mode"},"sceneLighting":false,"audioPlay":false,"sceneViewState":{"showFog":true,"showMaterialUpdate":true,"showSkybox":true,"showFlares":true,"showImageEffects":true,"showParticleSystems":true},"in2DMode":false,"pivot":{"x":48.548030853271487,"y":-35.04495620727539,"z":2.235203504562378},"rotation":{"x":0.23953501880168916,"y":0.6396389007568359,"z":-0.21998895704746247,"w":0.6964840292930603},"size":106.55233001708985,"orthographic":false}