{"cameraMode":{"drawMode":0,"name":"Shaded","section":"Shading Mode"},"sceneLighting":false,"audioPlay":false,"sceneViewState":{"showFog":true,"showMaterialUpdate":true,"showSkybox":true,"showFlares":true,"showImageEffects":true,"showParticleSystems":true},"in2DMode":false,"pivot":{"x":0.07419013977050781,"y":4.279784202575684,"z":0.10593605041503906},"rotation":{"x":-0.14577315747737885,"y":-0.7581709027290344,"z":0.18145379424095155,"w":-0.6090990304946899},"size":36.13936996459961,"orthographic":false}