{"cameraMode":{"drawMode":0,"name":"Shaded","section":"Shading Mode"},"sceneLighting":false,"audioPlay":false,"sceneViewState":{"showFog":false,"showMaterialUpdate":false,"showSkybox":false,"showFlares":false,"showImageEffects":false,"showParticleSystems":false},"in2DMode":false,"pivot":{"x":4.856022357940674,"y":5.905972003936768,"z":-4.348119258880615},"rotation":{"x":-0.003612901782616973,"y":0.5238287448883057,"z":-0.0022183870896697046,"w":-0.8518130779266357},"size":11.954962730407715,"orthographic":false}