{"cameraMode":{"drawMode":0,"name":"Shaded","section":"Shading Mode"},"sceneLighting":false,"audioPlay":false,"sceneViewState":{"showFog":true,"showMaterialUpdate":true,"showSkybox":true,"showFlares":true,"showImageEffects":true,"showParticleSystems":true},"in2DMode":false,"pivot":{"x":226.24000549316407,"y":4.953000068664551,"z":262.7900085449219},"rotation":{"x":0.04802393168210983,"y":-0.9443843960762024,"z":0.16017398238182069,"w":0.2831539511680603},"size":4.653338432312012,"orthographic":false}