{"cameraMode":{"drawMode":0,"name":"Shaded","section":"Shading Mode"},"sceneLighting":true,"audioPlay":false,"sceneViewState":{"showFog":true,"showMaterialUpdate":true,"showSkybox":true,"showFlares":true,"showImageEffects":true,"showParticleSystems":true},"in2DMode":false,"pivot":{"x":367.1759948730469,"y":34.11930847167969,"z":485.2639465332031},"rotation":{"x":0.1646244078874588,"y":0.743567705154419,"z":-0.19841599464416505,"w":0.6169577836990356},"size":5.253338813781738,"orthographic":false}