{"cameraMode":{"drawMode":0,"name":"Shaded","section":"Shading Mode"},"sceneLighting":false,"audioPlay":false,"sceneViewState":{"showFog":true,"showMaterialUpdate":true,"showSkybox":true,"showFlares":true,"showImageEffects":true,"showParticleSystems":true},"in2DMode":false,"pivot":{"x":340.4580383300781,"y":17.316951751708986,"z":353.6951904296875},"rotation":{"x":0.01710294559597969,"y":-0.9806936383247376,"z":0.10070376098155976,"w":0.16675207018852235},"size":2.781607151031494,"orthographic":false}