{"cameraMode":{"drawMode":0,"name":"Shaded","section":"Shading Mode"},"sceneLighting":false,"audioPlay":false,"sceneViewState":{"showFog":true,"showMaterialUpdate":true,"showSkybox":true,"showFlares":true,"showImageEffects":true,"showParticleSystems":true},"in2DMode":false,"pivot":{"x":219.40213012695313,"y":4.012754440307617,"z":246.93577575683595},"rotation":{"x":0.07515064626932144,"y":0.7963148355484009,"z":-0.10114829987287522,"w":0.5916115045547485},"size":1.0291686058044434,"orthographic":false}