{"cameraMode":{"drawMode":0,"name":"Shaded","section":"Shading Mode"},"sceneLighting":false,"audioPlay":false,"sceneViewState":{"showFog":false,"showMaterialUpdate":false,"showSkybox":false,"showFlares":false,"showImageEffects":false,"showParticleSystems":false},"in2DMode":false,"pivot":{"x":346.51531982421877,"y":144.66375732421876,"z":314.3077697753906},"rotation":{"x":0.5544856190681458,"y":-0.06525051593780518,"z":0.04367092251777649,"w":0.828481137752533},"size":280.6875915527344,"orthographic":false}