{"cameraMode":{"drawMode":0,"name":"Shaded","section":"Shading Mode"},"sceneLighting":false,"audioPlay":false,"sceneViewState":{"showFog":true,"showMaterialUpdate":true,"showSkybox":true,"showFlares":true,"showImageEffects":true,"showParticleSystems":true},"in2DMode":false,"pivot":{"x":35.34336853027344,"y":8.700800895690918,"z":23.338747024536134},"rotation":{"x":0.15389713644981385,"y":0.6711095571517944,"z":-0.14536647498607636,"w":0.7104901075363159},"size":15.373939514160157,"orthographic":false}