{"cameraMode":{"drawMode":0,"name":"Shaded","section":"Shading Mode"},"sceneLighting":false,"audioPlay":false,"sceneViewState":{"showFog":true,"showMaterialUpdate":true,"showSkybox":true,"showFlares":true,"showImageEffects":true,"showParticleSystems":true},"in2DMode":false,"pivot":{"x":220.8179473876953,"y":3.698333740234375,"z":246.74911499023438},"rotation":{"x":0.08222158253192902,"y":0.8874024152755737,"z":-0.17420578002929688,"w":0.41881853342056277},"size":1.3291685581207276,"orthographic":false}