{"cameraMode":{"drawMode":0,"name":"Shaded","section":"Shading Mode"},"sceneLighting":true,"audioPlay":false,"sceneViewState":{"showFog":true,"showMaterialUpdate":true,"showSkybox":true,"showFlares":true,"showImageEffects":true,"showParticleSystems":true},"in2DMode":false,"pivot":{"x":346.1164855957031,"y":20.1208553314209,"z":345.3785705566406},"rotation":{"x":-0.35870230197906496,"y":0.2447153925895691,"z":-0.09821239858865738,"w":-0.8955135941505432},"size":4.693562984466553,"orthographic":false}