{"cameraMode":{"drawMode":0,"name":"Shaded","section":"Shading Mode"},"sceneLighting":false,"audioPlay":false,"sceneViewState":{"showFog":false,"showMaterialUpdate":false,"showSkybox":false,"showFlares":false,"showImageEffects":false,"showParticleSystems":false},"in2DMode":false,"pivot":{"x":-2.377859592437744,"y":20.005279541015626,"z":-6.314382553100586},"rotation":{"x":-0.37812763452529909,"y":0.15059131383895875,"z":-0.06248869001865387,"w":-0.9112830758094788},"size":105.11880493164063,"orthographic":false}