{"cameraMode":{"drawMode":0,"name":"Shaded","section":"Shading Mode"},"sceneLighting":false,"audioPlay":false,"sceneViewState":{"showFog":true,"showMaterialUpdate":true,"showSkybox":true,"showFlares":true,"showImageEffects":true,"showParticleSystems":true},"in2DMode":false,"pivot":{"x":5.299011707305908,"y":6.016786098480225,"z":-3.5051820278167726},"rotation":{"x":0.005586965940892696,"y":0.9944103360176086,"z":-0.07447119057178498,"w":0.07463821023702622},"size":15.834545135498047,"orthographic":false}