{"cameraMode":{"drawMode":0,"name":"Shaded","section":"Shading Mode"},"sceneLighting":false,"audioPlay":false,"sceneViewState":{"showFog":true,"showMaterialUpdate":true,"showSkybox":true,"showFlares":true,"showImageEffects":true,"showParticleSystems":true},"in2DMode":false,"pivot":{"x":238.3213348388672,"y":4.959203720092773,"z":261.3039245605469},"rotation":{"x":0.10616282373666763,"y":0.8664531111717224,"z":-0.20803064107894898,"w":0.4412615895271301},"size":2.5578837394714357,"orthographic":false}