{"cameraMode":{"drawMode":0,"name":"Shaded","section":"Shading Mode"},"sceneLighting":false,"audioPlay":false,"sceneViewState":{"showFog":true,"showMaterialUpdate":true,"showSkybox":true,"showFlares":true,"showImageEffects":true,"showParticleSystems":true},"in2DMode":false,"pivot":{"x":0.20606517791748048,"y":3.0293188095092775,"z":-0.5499496459960938},"rotation":{"x":-0.17911528050899507,"y":-0.04907016083598137,"z":0.008927058428525925,"w":-0.9825630784034729},"size":85.34400177001953,"orthographic":false}