{"cameraMode":{"drawMode":0,"name":"Shaded","section":"Shading Mode"},"sceneLighting":true,"audioPlay":false,"sceneViewState":{"showFog":true,"showMaterialUpdate":true,"showSkybox":true,"showFlares":true,"showImageEffects":true,"showParticleSystems":true},"in2DMode":false,"pivot":{"x":220.9591064453125,"y":18.246442794799806,"z":275.3674011230469},"rotation":{"x":-0.13025370240211488,"y":-0.8694562911987305,"z":0.32463616132736208,"w":-0.3488425612449646},"size":2.8578836917877199,"orthographic":false}