{"cameraMode":{"drawMode":0,"name":"Shaded","section":"Shading Mode"},"sceneLighting":true,"audioPlay":false,"sceneViewState":{"showFog":true,"showMaterialUpdate":true,"showSkybox":true,"showFlares":true,"showImageEffects":true,"showParticleSystems":true},"in2DMode":false,"pivot":{"x":2.1385884284973146,"y":1.6755963563919068,"z":2.5882761478424074},"rotation":{"x":0.03168250620365143,"y":-0.8108717203140259,"z":0.044087495654821399,"w":0.5827003121376038},"size":2.2578840255737306,"orthographic":false}