{"cameraMode":{"drawMode":0,"name":"Shaded","section":"Shading Mode"},"sceneLighting":true,"audioPlay":false,"sceneViewState":{"showFog":true,"showMaterialUpdate":false,"showSkybox":true,"showFlares":true,"showImageEffects":true,"showParticleSystems":true},"in2DMode":false,"pivot":{"x":2.552201271057129,"y":1.04610276222229,"z":6.261164665222168},"rotation":{"x":-0.25120991468429568,"y":-0.20231235027313233,"z":0.05378119647502899,"w":-0.945024311542511},"size":4.358819484710693,"orthographic":false}